Venue,Cluster_Assignment
 Emerald Heights International School Ground,1
"7he Sevens Stadium, Dubai",1
"ACA Stadium, Barsapara",1
"ACA Stadium,Mangalagiri",1
AMI Stadium,1
"Abhimanyu Cricket Academy, Dehradun",1
Abu Dhabi Oval 1,1
Abu Dhabi Oval 2,1
"Achimota Senior Secondary School A Field, Accra",1
"Achimota Senior Secondary School B Field, Accra",1
Adelaide Oval,-1
Adelaide Oval No. 2,1
Affies Park,-1
Aigburth,1
"Aigburth, Liverpool",-1
"Airforce Complex ground, Palam",1
"Airforce Complex ground, Palam II",1
Al Amerat Cricket Ground Oman Cricket (Ministry Turf 1),-1
Al Amerat Cricket Ground Oman Cricket (Ministry Turf 2),1
Al Dhaid Cricket Village,1
Albert Park 1,1
Albert Park 2,1
Alembic 1 Cricket Ground,1
Alembic 2  Cricket Ground,1
Allan Border Field,-1
"Allan Border Field, Brisbane",1
Alur Cricket Stadium,1
Alur Cricket Stadium II,1
Alur Cricket Stadium III,-1
Amini Park,-1
"Amini Park, Port Moresby",-1
Andhra Cricket Association-Visakhapatnam District Cricket Association Stadium,-1
Antigua Recreation Ground,-1
"Antigua Recreation Ground, St John's",-1
"Antigua Recreation Ground, St John's, Antigua",-1
Arbab Niaz Stadium,-1
Arnos Vale Ground,-1
"Arnos Vale Ground, Kingstown",-1
"Arnos Vale Ground, Kingstown, St Vincent",1
Arun Jaitley Stadium,1
"Arun Jaitley Stadium, Delhi",1
Arundel Castle Cricket Club Ground,-1
Asgiriya Stadium,-1
Ashlyns Road,-1
Asian Institute of Technology Ground,1
Aurora Stadium,1
"Aurora Stadium, Launceston",1
BKC Ground,1
Bangabandhu National Stadium,-1
"Bangabandhu National Stadium, Dhaka",-1
Bankstown Oval,1
"Bankstown Oval, Sydney",-1
Barabati Stadium,1
"Barabati Stadium, Cuttack",-1
Barsapara Cricket Stadium,-1
"Barsapara Cricket Stadium, Guwahati",1
Basin Reserve,1
"Basin Reserve, Wellington",-1
Bay Oval,-1
"Bay Oval, Mount Maunganui",-1
Bayer Uerdingen Cricket Ground,1
Bayuemas Oval,1
"Bayuemas Oval, Kuala Lumpur",1
"Beausejour Stadium, Gros Islet",-1
"Belgrano Athletic Club Ground, Buenos Aires",1
Bellerive Oval,-1
"Bellerive Oval, Hobart",1
Bermuda National Stadium,1
Bert Sutcliffe Oval,-1
"Bert Sutcliffe Oval, Lincoln",-1
Bharat Ratna Shri Atal Bihari Vajpai Ekana Cricket Stadium,-1
Bharat Ratna Shri Atal Bihari Vajpayee Ekana Cricket Stadium,-1
Bharat Ratna Shri Atal Bihari Vajpayee Ekana Cricket Stadium B,1
"Bharat Ratna Shri Atal Bihari Vajpayee Ekana Cricket Stadium, Lucknow",-1
Blacktown International Sportspark,1
"Blacktown International Sportspark, Sydney",1
Boland Bank Park,-1
"Boland Bank Park, Paarl",-1
Boland Park,-1
"Boland Park, Paarl",1
Botswana Cricket Association Oval 1,1
"Botswana Cricket Association Oval 1, Gaborone",1
Botswana Cricket Association Oval 2,1
"Botswana Cricket Association Oval 2, Gaborone",1
"Boughton Hall Cricket Club Ground, Chester",-1
Brabourne Stadium,-1
"Brabourne Stadium, Mumbai",1
Bradman Oval,-1
"Bradman Oval, Bowral",1
Bready,1
"Bready Cricket Club, Magheramason",1
"Bready Cricket Club, Magheramason, Bready",-1
"Brian Lara Stadium, Tarouba",1
"Brian Lara Stadium, Tarouba, Trinidad",1
Brisbane Cricket Ground,1
"Brisbane Cricket Ground, Woolloongabba",-1
"Brisbane Cricket Ground, Woolloongabba, Brisbane",1
"Brunton Memorial Ground, Radlett",1
Buffalo Park,-1
"Buffalo Park, East London",-1
Bulawayo Athletic Club,-1
"Bundaberg Rum Stadium, Cairns",-1
C B Patel Ground,1
Camberwell Sports Ground,1
Cambusdoon New Ground,-1
"Cambusdoon New Ground, Ayr",-1
"Campbell Park, Milton Keynes",-1
Canterbury Park,-1
Captain Roop Singh Stadium,-1
"Captain Roop Singh Stadium, Gwalior",-1
Carisbrook,-1
Carrara Oval,1
"Casey Fields No 4, Melbourne",1
Casey Fields No. 4,1
Castle Avenue,-1
"Castle Avenue, Dublin",-1
Castle Park Cricket Ground,-1
"Castle Park Cricket Ground, Colchester",0
Cazaly's Stadium,1
"Cazaly's Stadium, Cairns",-1
Cello Basin Reserve,1
Central Broward Regional Park Stadium Turf Ground,1
"Central Broward Regional Park Stadium Turf Ground, Lauderhill",1
"Centre for Cricket Development Ground, Windhoek",1
Centro Sportivo Ca'Nova,-1
Centro Sportivo Dozza,-1
Chaudhry Bansi Lal Cricket Stadium,1
"Chester Road North Ground, Kidderminster",-1
Chevrolet Park,-1
"Chevrolet Park, Bloemfontein",-1
Chilaw Marians Cricket Club Ground,-1
Chittagong Divisional Stadium,-1
"Choice Moosa Stadium, Pearland",-1
Church Street Park,0
"Church Street Park, Morrisville",1
"Church of Ireland Young Men's Society Cricket Club Ground, Belfast",-1
City Oval,-1
"City Oval, Pietermaritzburg",-1
"Civil Service Cricket Club, Stormont",-1
"Civil Service Cricket Club, Stormont, Belfast",-1
"Clifton Park Ground, York",-1
Clontarf Cricket Club Ground,-1
"Clontarf Cricket Club Ground, Dublin",-1
Cobham Oval,-1
Cobham Oval (New),-1
"Cobham Oval (New), Whangarei",-1
Colin Maiden Park,-1
"Colin Maiden Park, Auckland",-1
College Field,1
"College Field, St Peter Port",1
College Ground,1
"College Ground, Cheltenham",1
Colombo Cricket Club Ground,-1
Colts Cricket Club Ground,1
Colwyn Bay Cricket Club Ground,1
Coolidge Cricket Ground,1
"Coolidge Cricket Ground, Antigua",-1
County Ground,1
"County Ground, Bristol",-1
"County Ground, Chelmsford",-1
"County Ground, Derby",-1
"County Ground, Hove",-1
"County Ground, New Road",1
"County Ground, New Road, Worcester",-1
"County Ground, Northampton",-1
"County Ground, Taunton",-1
"Cricket Central, Sydney",-1
Cricket Field Lane,1
"Cricket Field Road Ground, Horsham",1
"Cricket Stadium, Sector-16",1
DRIEMS Ground,1
Daren Sammy National Cricket Stadium,-1
"Daren Sammy National Cricket Stadium, Gros Islet",1
"Daren Sammy National Cricket Stadium, Gros Islet, St Lucia",1
"Daren Sammy National Cricket Stadium, St Lucia",-1
"Darren Sammy National Cricket Stadium, Gros Islet",-1
"Darren Sammy National Cricket Stadium, St Lucia",1
"Davies Park, Queenstown",-1
De Beers Diamond Oval,-1
"De Beers Diamond Oval, Kimberley",1
Desert Springs Cricket Ground,-1
"Desert Springs Cricket Ground, Almeria",1
Diamond Oval,-1
"Diamond Oval, Kimberley",1
Docklands Stadium,1
"Docklands Stadium, Melbourne",1
Dower Park,1
Dr DY Patil Sports Academy,1
"Dr DY Patil Sports Academy, Mumbai",1
Dr P.V.G. Raju ACA Sports Complex,1
"Dr. Gokaraju Laila Ganga Raju ACA Cricket Complex -CP Ground,Mulapadu",1
"Dr. Gokaraju Laila Ganga Raju ACA Cricket Complex -DVR Ground,Mulapadu",1
Dr. Y.S. Rajasekhara Reddy ACA VDCA Cricket Stadium,1
Dr. Y.S. Rajasekhara Reddy ACA-VDCA Cricket Stadium,-1
"Dr. Y.S. Rajasekhara Reddy ACA-VDCA Cricket Stadium, Visakhapatnam",1
Dreux Sport Cricket Club,1
Drummoyne Oval,1
"Drummoyne Oval, Sydney",1
Dubai International Cricket Stadium,-1
Dubai Sports City Cricket Stadium,-1
Eastern Oval,1
"Eastern Oval, Ballarat",1
Eden Gardens,1
"Eden Gardens, Kolkata",1
Eden Park,-1
Eden Park No 2,-1
Eden Park Outer Oval,1
"Eden Park Outer Oval, Auckland",1
"Eden Park, Auckland",1
Edgbaston,1
"Edgbaston Foundation Community Sports Ground, Birmingham",-1
"Edgbaston, Birmingham",-1
"Ekeberg Cricket Ground 1, Oslo",1
"Ekeberg Cricket Ground 2, Oslo",1
"Enborne Lodge, Newbury",-1
Entebbe Cricket Oval,1
Europa Sports Complex,1
F B Colony Ground,1
FB Fields,-1
"FB Fields, St Clement",1
"FP Fenner's Ground, Cambridge",1
FTZ Sports Complex (BOI),-1
Faleata Oval No 1,-1
Faleata Oval No 2,-1
"Faleata Oval No 2, Apia",1
Faleata Oval No 3,-1
Farmers Cricket Club Ground,-1
"Farmers Cricket Club Ground, St Martin",-1
Feroz Shah Kotla,1
Fitzherbert Park,-1
"Fitzherbert Park, Palmerston North",1
Forthill,1
"Forthill, Dundee",-1
Friendship Oval,1
"GB Oval, Szodliget",0
"GMHBA Stadium, South Geelong, Victoria",1
"GSSS, Sector 26",1
Gaddafi Stadium,-1
"Gaddafi Stadium, Lahore",1
"Gahanga B Ground, Rwanda",1
"Gahanga International Cricket Stadium, Rwanda",1
Gahanga International Cricket Stadium. Rwanda,1
Galle International Stadium,1
Garon Park,-1
Geelong Cricket Ground,1
Gelephu International Cricket Ground,1
Gliderol Stadium,1
"Gliderol Stadium, Adelaide",-1
Gokaraju Liala Gangaaraju ACA Cricket Ground,1
Goldenacre,1
"Goldenacre, Edinburgh",1
Goodyear Park,-1
"Goodyear Park, Bloemfontein",-1
"Gorse Lane, Grantham",-1
Grace Road,-1
"Grace Road, Leicester",-1
Grainville,-1
"Grainville, St Saviour",-1
"Grainville, St Saviour, Jersey",1
Grand Prairie Stadium,1
"Grand Prairie Stadium, Dallas",1
"Grange Cricket Club Ground, Raeburn Place",-1
"Grange Cricket Club Ground, Raeburn Place, Edinburgh",1
"Grange Cricket Club, Raeburn Place",-1
"Great Barrier Reef Arena, Mackay",1
Greater Noida Sports Complex Ground,1
Green Park,-1
"Green Park, Kanpur",1
Greenfield International Stadium,1
"Greenfield International Stadium, Thiruvananthapuram",1
Greenfield Stadium,1
"Ground 1, Independence Park",1
"Ground 2, Independence Park",1
Guanggong International Cricket Stadium,1
Gucherre Cricket Ground,1
"Guernsey Rovers Athletic Club Ground, Port Soif",1
Gurugram Cricket Ground (SRNCC),1
Guttsta Wicked Cricket Club,1
"Guyana National Stadium, Providence",1
Gymkhana Club,-1
Gymkhana Club Ground,-1
"Gymkhana Club Ground, Dar-es-Salaam",0
"Gymkhana Club Ground, Nairobi",1
Hagley Oval,-1
"Hagley Oval, Christchurch",1
Happy Valley Ground,1
Harare Sports Club,-1
Hare Field,-1
Harlequins,-1
Harrup Park,1
Haslegrave Ground,-1
"Haslegrave Ground, Loughborough",-1
Hazelaarweg,1
"Hazelaarweg, Rotterdam",-1
Headingley,1
"Headingley, Leeds",-1
Himachal Pradesh Cricket Association Stadium,1
"Himachal Pradesh Cricket Association Stadium, Dharamsala",-1
Holkar Cricket Stadium,1
"Holkar Cricket Stadium, Indore",1
Holkar Stadium,1
Hong Kong Cricket Club,1
Howell Oval,-1
"Hurlingham Club Ground, Buenos Aires",1
Hurstville Oval,-1
IC-Gurunanak College Ground,1
ICC Academy,-1
ICC Academy Ground No 2,1
"ICC Academy Ground No 2, Dubai",1
ICC Academy Oval 1,-1
ICC Academy Oval 2,1
"ICC Academy, Dubai",-1
ICC Global Cricket Academy,-1
"Independence Park, Port Vila",1
Indian Association Ground,-1
"Indian Association Ground, Singapore",1
Indian Petrochemicals Corporation Limited Sports Complex Ground,-1
"Instonians Cricket Club, Shaw's Bridge Lower Ground, Belfast",1
Integrated Polytechnic Regional Centre,1
International Sports Stadium,-1
"International Sports Stadium, Coffs Harbour",1
Invermay Park,1
"Invermay Park, Launceston",-1
Iqbal Stadium,1
"Iqbal Stadium, Faisalabad",-1
JSCA International Stadium Complex,-1
"JSCA International Stadium Complex, Ranchi",1
"JU Second Campus, Salt Lake",1
Jadavpur University Campus,1
"Jadavpur University Campus 2nd Ground, Kolkata",1
Jade Stadium,-1
"Jade Stadium, Christchurch",-1
Jaffery Sports Club Ground,1
Jawaharlal Nehru Stadium,1
Jinja Cricket Ground,1
John Davies Oval,-1
"John Davies Oval, Queenstown",-1
Johor Cricket Academy Oval,-1
"Jubilee Park, Ringwood, Melbourne",0
Junction Oval,1
"Junction Oval, Melbourne",-1
Kaizuka Cricket Ground,1
Kallang Ground,-1
Karen Rolton Oval,1
"Karen Rolton Oval, Adelaide",-1
"Karori Park, Wellington",1
Keenan Stadium,-1
Kennards Hire Community Oval,-1
Kennington Oval,-1
"Kennington Oval, London",1
Kensington Oval,1
"Kensington Oval, Barbados",-1
"Kensington Oval, Bridgetown",1
"Kensington Oval, Bridgetown, Barbados",1
Kent County Cricket Ground,-1
"Kent County Cricket Ground, Beckenham",-1
Kerava National Cricket Ground,1
Kerrydale Oval,1
Khan Shaheb Osman Ali Stadium,-1
Khettarama Stadium,-1
Kibworth Cricket Club Ground,-1
Kibworth Cricket Club New Ground,-1
King George V Sports Ground,1
"King George V Sports Ground, Castel",1
Kingsmead,-1
"Kingsmead, Durban",1
Kinrara Academy Oval,-1
"Kinrara Academy Oval, Kuala Lumpur",1
Kinrara Oval,-1
Koge Cricket Club,1
Koge Cricket Club 2,1
Kowloon Cricket Club,1
Kwekwe Sports Club,-1
"Kyambogo Cricket Ground, Kampala",-1
Kyambogo Cricket Oval,-1
LC de Villiers Oval,-1
La Manga Club Bottom Ground,1
La Manga Club Top Ground,1
"Lal Bahadur Shastri Stadium, Hyderabad, Deccan",-1
Lalabhai Contractor Stadium,1
Lalbhai Contractor Stadium,1
"Latrobe Recreation Ground, Latrobe",1
Lavington Sports Oval,1
"Lavington Sports Oval, Albury",0
Lilac Hill Park,1
"Lilac Hill Park, Perth",1
"Lindum Sports Club Ground, Lincoln",-1
Lisicji Jarak Cricket Ground,1
Lochlands,1
Lord's,-1
"Lord's, London",1
"Lords, St David's Cricket Club Ground",1
Los Reyes Polo Club,1
Louth Cricket Club,-1
Lugogo Cricket Oval,-1
"Lugogo Cricket Oval, Kampala",-1
M Chinnaswamy Stadium,1
"M Chinnaswamy Stadium, Bangalore",0
"M Chinnaswamy Stadium, Bengaluru",1
M.Chinnaswamy Stadium,1
MA Aziz Stadium,-1
"MA Aziz Stadium, Chittagong",1
MA Chidambaram Stadium,1
"MA Chidambaram Stadium, Chepauk",-1
"MA Chidambaram Stadium, Chepauk, Chennai",1
Madhavrao Scindia Cricket Ground,-1
"Maharaja Yadavindra Singh International Cricket Stadium, Mullanpur",1
Maharani Usharaje Trust Cricket Ground,-1
Maharashtra Cricket Association Stadium,1
"Maharashtra Cricket Association Stadium, Pune",1
"Mahinda Rajapaksa International Cricket Stadium, Sooriyawewa",-1
"Mahinda Rajapaksa International Cricket Stadium, Sooriyawewa, Hambantota",1
Mainpower Oval,-1
"Mainpower Oval, Rangiora",1
Malahide,-1
"Malahide, Dublin",1
"Malek Cricket Ground, Ajman",1
Mangaung Oval,-1
"Mangaung Oval, Bloemfontein",-1
Mannofield Park,-1
"Mannofield Park, Aberdeen",-1
Manuka Oval,1
"Manuka Oval, Canberra",1
"Maple Leaf North-East Ground, King City",-1
Maple Leaf North-West Ground,1
"Maple Leaf North-West Ground, King City",-1
Maple Leaf South-West Ground,1
"Mardyke, Cork",1
"Marina Ground, Corfu",1
Marrara Cricket Ground,-1
"Marrara Cricket Ground, Darwin",-1
Marsa Sports Club,1
McLean Park,-1
"McLean Park, Napier",-1
"Meersen, Gent",1
Melbourne Cricket Ground,-1
Mercantile Cricket Association Ground,-1
Merchant Taylors' School Ground,1
"Merchant Taylors' School Ground, Northwood",1
Merrion Cricket Club Ground,1
"Merrion Cricket Club Ground, Dublin",1
"Millfield School, Street",-1
"Mission Road Ground, Mong Kok",-1
"Mission Road Ground, Mong Kok, Hong Kong",1
"Mitchells and Butlers' Ground, Birmingham",-1
"Mladost Cricket Ground, Zagreb",1
Moara Vlasiei Cricket Ground,1
"Moara Vlasiei Cricket Ground, Ilfov County",1
Molyneux Park,-1
"Molyneux Park, Alexandra",-1
Mombasa Sports Club Ground,-1
"Moosa Cricket Stadium, Pearland",-1
Morodok Techo National Stadium,1
Moses Mabhida Stadium,1
Motibaug Cricket Ground,1
Mulpani Cricket Ground,1
Multan Cricket Stadium,-1
Myreside,1
Nahar Singh Stadium,-1
"Nahar Singh Stadium, Faridabad",1
Narayanganj Osmani Stadium,-1
Narendra Modi Stadium,1
"Narendra Modi Stadium Ground 'A', Motera",1
"Narendra Modi Stadium, Ahmedabad",-1
"Nassau County International Cricket Stadium, New York",1
National Cricket Stadium,-1
"National Cricket Stadium, Grenada",-1
"National Cricket Stadium, St George's",-1
"National Cricket Stadium, St George's, Grenada",1
"National Sports Academy, Sofia",1
National Stadium,-1
"National Stadium, Hamilton",1
"National Stadium, Karachi",-1
Nehru Stadium,-1
"Nehru Stadium, Fatorda",-1
"Nehru Stadium, Poona",-1
Nelson Park,-1
"Nelson Park, Napier",-1
Nevill Ground,1
"Nevill Ground, Tunbridge Wells",-1
"New Close County Cricket Ground, Newport, Isle-of-Wight",-1
"New County Ground, Hove, Brighton",-1
New Strabane Park,-1
New Wanderers Stadium,-1
"New Wanderers Stadium, Johannesburg",1
New Williamfield No1 Oval,1
Newlands,-1
"Newlands, Cape Town",1
"Niaz Stadium, Hyderabad",-1
Nondescripts Cricket Club Ground,-1
North Dalton Park,-1
"North Dalton Park, Wollongong",1
North Marine Road Ground,-1
"North Marine Road Ground, Scarborough",1
North Sydney Oval,1
North Sydney Oval No.2,-1
"North Sydney Oval, Sydney",1
"North West Cricket Stadium, Potchefstroom",1
North-West University No1 Ground,-1
Nuriootpa Centennial Park,-1
OUTsurance Oval,-1
Oak Hill Cricket Club,1
Oakham School Ground,1
"Observatory Lane, Rathmines",-1
"Observatory Lane, Rathmines, Dublin",-1
Old Deer Park,1
"Old Edwardians Cricket Club Ground, Solihull",-1
Old Hararians,-1
Old Hararians Sports Club,-1
"Old Hararians, Harare",-1
Old Trafford,-1
"Old Trafford, Manchester",-1
Ovale di Rastignano,-1
P Sara Oval,-1
"P Sara Oval, Colombo",-1
P Saravanamuttu Stadium,1
Pallekele International Cricket Stadium,-1
"Park 25 No 2, Adelaide",-1
"Pembroke Cricket Club, Sandymount",-1
"Pembroke Cricket Club, Sandymount, Dublin",1
"Penrhyn Avenue, Rhos-on-Sea, Colwyn Bay",1
Perth Stadium,1
Peter Burge Oval,-1
Pierre Werner Cricket Ground,1
Pokhara Rangasala,0
Prairie View Cricket Complex,1
Prem Tinsulanonda International School,-1
Providence Stadium,-1
"Providence Stadium, Guyana",1
Pukekura Park,1
"Pukekura Park, New Plymouth",1
Punjab Cricket Association IS Bindra Stadium,1
"Punjab Cricket Association IS Bindra Stadium, Mohali",1
"Punjab Cricket Association IS Bindra Stadium, Mohali, Chandigarh",1
"Punjab Cricket Association Stadium, Mohali",1
"Punjab Cricket Association Stadium, Mohali, Chandigarh",-1
Queen Elizabeth II Oval,1
Queen's Park,1
"Queen's Park (New), St George's, Grenada",-1
Queen's Park Oval,-1
"Queen's Park Oval, Port of Spain",-1
"Queen's Park Oval, Port of Spain, Trinidad",1
"Queen's Park Oval, Trinidad",-1
"Queen's Park, Chesterfield",1
"Queen's Park, Invercargill",-1
Queens Sports Club,-1
"Queens Sports Club, Bulawayo",-1
Queenstown Events Centre,-1
R Premadasa Stadium,-1
"R Premadasa Stadium, Colombo",1
R.Premadasa Stadium,-1
"R.Premadasa Stadium, Khettarama",-1
"Racecourse Ground, Derby",-1
Radlett Cricket Club,1
"Radlett Cricket Club, Radlett",-1
Rajiv Gandhi International Cricket Stadium,1
"Rajiv Gandhi International Cricket Stadium, Dehradun",-1
Rajiv Gandhi International Stadium,1
"Rajiv Gandhi International Stadium, Uppal",1
"Rajiv Gandhi International Stadium, Uppal, Hyderabad",1
Rangiri Dambulla International Stadium,-1
Rawalpindi Cricket Stadium,1
"Ray Mitchell Oval, Harrup Park, Mackay",-1
"Reforma Athletic Club, Naucalpan",1
Reliance Cricket Stadium,1
Reliance Stadium,-1
Riverside Ground,1
"Riverside Ground, Chester-le-Street",-1
"Riverway Stadium, Townsville",-1
Roma Cricket Ground,1
"Rookwood, Sale",-1
"Roseworth Terrace, Gosforth",-1
"Royal Brunswick Ground, Hove, Brighton",1
"Royal Brussels Cricket Club Ground, Waterloo",1
Royal Chiangmai Golf Club,-1
Royal Selangor Club,-1
"Royal Selangor Club, Kuala Lumpur",1
Ruaraka Sports Club Ground,-1
"Ruaraka Sports Club Ground, Nairobi",1
Rugby School Ground,-1
SSN College Ground,1
"Sabina Park, Jamaica",1
"Sabina Park, Kingston",-1
"Sabina Park, Kingston, Jamaica",-1
San Albano,0
Sano International Cricket Ground,1
Santarem Cricket Ground,1
Sao Fernando Polo and Cricket Club,1
"Sardar Patel (Gujarat) Stadium, Motera",-1
Sardar Patel Stadium,-1
"Sardar Patel Stadium, Motera",-1
Saurashtra Cricket Association Stadium,1
"Saurashtra Cricket Association Stadium, Rajkot",1
Sawai Mansingh Stadium,-1
"Sawai Mansingh Stadium, Jaipur",1
Saxton Oval,-1
"Saxton Oval, Nelson",-1
"Scott Page Field, Vinor",1
Sea Breeze Oval,1
Sector 16 Stadium,-1
Sedbergh School,1
Seddon Park,-1
"Seddon Park, Hamilton",-1
Sedgars Park,-1
"Sedgars Park, Potchefstroom",-1
Seebarn Cricket Centre,1
"Seebarn Cricket Centre, Lower Austria",1
Selangor Turf Club,-1
"Selangor Turf Club, Kuala Lumpur",1
Senwes Park,-1
"Senwes Park, Potchefstroom",1
"Severn Cricket Field, Woodley Park",-1
Shaheed Chandu Stadium,-1
Shaheed Veer Narayan Singh International Stadium,1
"Shaheed Veer Narayan Singh International Stadium, Raipur",1
Sharad Pawar Cricket Academy BKC,1
Sharjah Cricket Association Stadium,-1
Sharjah Cricket Stadium,1
Sheikh Abu Naser Stadium,1
"Sheikh Abu Naser Stadium, Khulna",1
Sheikh Kamal International Cricket Stadium,-1
Sheikh Zayed Stadium,-1
Sheikh Zayed Stadium Nursery 1,-1
Sheikh Zayed Stadium Nursery 2,1
"Sheikh Zayed Stadium, Abu Dhabi",1
Sheikhupura Stadium,-1
Sher-e-Bangla National Cricket Stadium,-1
Shere Bangla National Stadium,-1
"Shere Bangla National Stadium, Mirpur",1
"Shrimant Madhavrao Scindia Cricket Stadium, Gwalior",0
"Sikh Union Club Ground, Nairobi",1
"Simar Cricket Ground, Rome",1
"Simonds Stadium, South Geelong",1
"Simonds Stadium, South Geelong, Victoria",1
Singapore Cricket Club,-1
Singapore National Cricket Ground,1
Sinhalese Sports Club,-1
Sinhalese Sports Club Ground,-1
"Sinhalese Sports Club Ground, Colombo",1
"Sinovich Park, Sinoville",1
Sir Paul Getty's Ground,-1
"Sir Paul Getty's Ground, Wormsley",-1
Sir Vivian Richards Stadium,-1
"Sir Vivian Richards Stadium, Antigua",1
"Sir Vivian Richards Stadium, North Sound",-1
"Sir Vivian Richards Stadium, North Sound, Antigua",1
Skarpnack 1,1
Skarpnack 2,1
Sky Stadium,1
"Sky Stadium, Wellington",1
"Solvangs Park, Glostrup",0
Somerset Cricket Club,-1
Sophia Gardens,-1
"Sophia Gardens, Cardiff",1
Southend Club Cricket Stadium,1
"Southend Club Cricket Stadium, Karachi",-1
Sportpark Duivesteijn,-1
"Sportpark Harga, Schiedam",1
Sportpark Het Schootsveld,1
Sportpark Het Schootsveld 2,1
"Sportpark Het Schootsveld, Deventer",1
Sportpark Maarschalkerweerd,1
"Sportpark Maarschalkerweerd, Utrecht",-1
Sportpark Thurlede,1
Sportpark Westvliet,1
"Sportpark Westvliet, The Hague",-1
"Sportpark Westvliet, Voorburg",1
"Spytty Park, Newport",1
Sri Ramachandra Medical College,-1
St  Pauls college ground  Kalamassery,1
"St Albans Club, Buenos Aires",1
St George's Park,-1
"St George's Park, Gqeberha",1
"St George's Park, Port Elizabeth",1
St Georges Quilmes,1
"St Helen's, Swansea",1
St Lawrence Ground,1
"St Lawrence Ground, Canterbury",-1
St'Xavier's KCA Cricket Ground,1
Stadium Australia,1
"Stanley Park, Blackpool",-1
Star Stile,-1
Stellenbosch University 1,-1
Stellenbosch University 2,-1
Strathfieldsaye,1
Subrata Roy Sahara Stadium,1
Sulabiya Ground,1
"Sunrise Sports Club, Harare",-1
SuperSport Park,-1
"SuperSport Park, Centurion",1
"Svanholm Park, Brondby",1
Sydney Cricket Ground,1
Sydney Parade,-1
Sydney Showground Stadium,1
Sylhet International Cricket Stadium,1
"Sylhet International Cricket Stadium, Academy Ground",1
Sylhet Stadium,1
T I Murugappa Ground,1
"TCA Oval, Blantyre",1
Tack-Tec Ground,1
Tafawa Balewa Square (TBS) Cricket Oval,1
Tafawa Balewa Square Cricket Oval,1
"Tafawa Balewa Square Cricket Oval, Lagos",1
Takashinga Sports Club,-1
"Takashinga Sports Club, Highfield, Harare",-1
Ted Summerton Reserve,1
"Ted Summerton Reserve, Moe",1
Terdthai Cricket Ground,1
"Terdthai Cricket Ground, Bangkok",1
Thailand Cricket Ground,1
The Cooper Associates County Ground,1
"The Cooper Associates County Ground, Taunton",1
"The Cricket Field, Sedbergh School",-1
"The Gnoll, Neath",-1
"The Green, Comber",1
The Hills Cricket Club Ground,-1
"The Hills, Milverton",1
"The John Fretwell Sporting Complex, Nettleworth",-1
"The John Fretwell Sporting Complex, Sookholme",-1
The Kent County Cricket Ground,1
"The Lawn, Waringstown",-1
The Padang,-1
The Rose Bowl,-1
The Rose Bowl (Nursery),-1
"The Rose Bowl, Southampton",-1
"The Royal & Sun Alliance County Ground, Bristol",1
"The Saffrons, Eastbourne",-1
"The Village, Malahide",-1
"The Village, Malahide, Dublin",-1
The Vineyard,1
"The Vineyard, Dublin",-1
The Wanderers Stadium,1
"The Wanderers Stadium, Johannesburg",1
Tikkurila Cricket Ground,1
Titwood,-1
"Titwood, Glasgow",-1
Tolerance Oval,1
"Tolerance Oval, Abu Dhabi",1
Tony Ireland Stadium,1
"Tony Ireland Stadium, Townsville",-1
"Toronto Cricket, Skating and Curling Club",-1
Traeger Park,1
"Traeger Park, Alice Springs",1
"Trafalgar Road Ground, Southport",-1
Trent Bridge,1
"Trent Bridge, Nottingham",1
Tribhuvan University International Cricket Ground,-1
"Tribhuvan University International Cricket Ground, Kirtipur",-1
Turf City B Cricket Ground,1
UKM Cricket Oval,-1
UKM-YSD Cricket Oval,-1
"UKM-YSD Cricket Oval, Bangi",1
Udayana Cricket Ground,1
United Cricket Club Ground,-1
"United Cricket Club Ground, Windhoek",-1
University Oval,-1
"University Oval, Dunedin",-1
"University Oval, Hobart",-1
University of Dar-es-Salaam Ground,1
University of Doha for Science and Technology,1
University of Lagos Cricket Oval,1
University of Otago Oval,-1
"University of Tasmania Stadium, Launceston",1
Uxbridge Cricket Club Ground,0
VCA Ground,1
VRA Cricket Ground,-1
VRA Ground,-1
"VRA Ground, Amstelveen",-1
Vanuatu Cricket Ground,1
Vanuatu Cricket Ground (Oval 2),1
Vidarbha C.A. Ground,-1
Vidarbha Cricket Association Ground,-1
"Vidarbha Cricket Association Stadium, Jamtha",-1
"Vidarbha Cricket Association Stadium, Jamtha, Nagpur",1
W.A.C.A. Ground,-1
Wanderers,1
Wanderers Cricket Ground,-1
"Wanderers Cricket Ground, Windhoek",-1
Wankhede Stadium,1
"Wankhede Stadium, Mumbai",1
"Warner Park, Basseterre",-1
"Warner Park, Basseterre, St Kitts",1
"Warner Park, St Kitts",0
Waverley Oval,1
Welagedara Stadium,-1
Welbeck Abbey Cricket Ground,-1
"Welbeck Colliery Cricket Club Ground, Market Warsop",-1
West End Park International Cricket Stadium,-1
"West End Park International Cricket Stadium, Doha",1
West Mersea Cricket Club,-1
West Park Oval,1
Western Australia Cricket Association Ground,-1
"Western Australia Cricket Association Ground, Perth",1
"Westpac Park, Hamilton",-1
Westpac Stadium,-1
"Westpac Stadium, Wellington",-1
"White Hill Field, Sandys Parish",1
White Hills Oval,-1
"Whitegate Park, Blackpool",-1
Willowmoore Park,-1
Willowmoore Park A Field,-1
Willowmoore Park B Field,-1
Willowmoore Park C Field,-1
"Willowmoore Park, Benoni",1
"Windsor Park, Roseau",-1
"Windsor Park, Roseau, Dominica",-1
"Wong Cricket Field, Woodley Park",-1
"Woodbridge Road, Guildford",1
"Woodley Cricket Field, Los Angeles",1
"Woodvale Road, Eglinton",-1
"Wright Cricket Field, Woodley Park",-1
YMCA Cricket Club,-1
"YSD-UKM Cricket Oval, Bangi",1
Yeonhui Cricket Ground,1
"Yeonhui Cricket Ground, Incheon",1
York Cricket Club,-1
Zahur Ahmed Chowdhury Stadium,1
"Zahur Ahmed Chowdhury Stadium, Chattogram",1
"Zahur Ahmed Chowdhury Stadium, Chittagong",1
Zayed Cricket Stadium,1
"Zayed Cricket Stadium, Abu Dhabi",1
Zhejiang University of Technology Cricket Field,1
Zohur Ahmed Chowdhury Stadium,-1
